route_id,agency_id,route_short_name,route_long_name,route_type,route_color,route_text_color,route_desc,transport_mode
22739_700,726,758,758,700,FFFFFF,000000,No description,Bus
22726_700,726,794,794,700,FFFFFF,000000,No description,Bus
22725_700,726,792,792,700,FFFFFF,000000,No description,Bus
22724_700,726,791,791,700,FFFFFF,000000,No description,Bus
22723_700,726,788,788,700,FFFFFF,000000,No description,Bus
22722_700,726,787,787,700,FFFFFF,000000,No description,Bus
22721_700,726,785,785,700,FFFFFF,000000,No description,Bus
22720_700,726,784,784,700,FFFFFF,000000,No description,Bus
22719_700,726,782,782,700,FFFFFF,000000,No description,Bus
22718_700,726,779,779,700,FFFFFF,000000,No description,Bus
22717_700,726,777,777,700,FFFFFF,000000,No description,Bus
22716_700,726,772,772,700,FFFFFF,000000,No description,Bus
22715_700,726,771,771,700,FFFFFF,000000,No description,Bus
22714_700,726,770,770,700,FFFFFF,000000,No description,Bus
22713_700,726,766,766,700,FFFFFF,000000,No description,Bus
22712_700,726,764,764,700,FFFFFF,000000,No description,Bus
22711_700,726,762,762,700,FFFFFF,000000,No description,Bus
22710_700,726,759,759,700,FFFFFF,000000,No description,Bus
22709_700,726,757,757,700,FFFFFF,000000,No description,Bus
22708_700,726,756,756,700,FFFFFF,000000,No description,Bus
22707_700,726,754,754,700,FFFFFF,000000,No description,Bus
22706_700,726,752,752,700,FFFFFF,000000,No description,Bus
22705_700,726,748,748,700,FFFFFF,000000,No description,Bus
22704_700,726,746,746,700,FFFFFF,000000,No description,Bus
22703_700,726,745,745,700,FFFFFF,000000,No description,Bus
22702_700,726,744,744,700,FFFFFF,000000,No description,Bus
22701_700,726,743,743,700,FFFFFF,000000,No description,Bus
22700_700,726,742,742,700,FFFFFF,000000,No description,Bus
22699_700,726,741,741,700,FFFFFF,000000,No description,Bus
22698_700,726,740,740,700,FFFFFF,000000,No description,Bus
22697_700,726,719,719,700,FFFFFF,000000,No description,Bus
22696_700,726,717,717,700,FFFFFF,000000,No description,Bus
22695_700,726,715,715,700,FFFFFF,000000,No description,Bus
22694_700,726,714,714,700,FFFFFF,000000,No description,Bus
22693_700,726,713,713,700,FFFFFF,000000,No description,Bus
22692_700,726,712,712,700,FFFFFF,000000,No description,Bus
22691_700,726,711,711,700,FFFFFF,000000,No description,Bus
22690_700,726,707,707,700,FFFFFF,000000,No description,Bus
22689_700,726,706,706,700,FFFFFF,000000,No description,Bus
22688_700,726,705,705,700,FFFFFF,000000,No description,Bus
22687_700,726,704,704,700,FFFFFF,000000,No description,Bus
22686_700,726,703,703,700,FFFFFF,000000,No description,Bus
22685_700,726,702,702,700,FFFFFF,000000,No description,Bus
22684_700,726,701,701,700,FFFFFF,000000,No description,Bus
26793_100,596,RB63,RB63,100,FFD502,000000,No description,Rail (Regional)
26793_106,596,RB63,RB63,106,FFD502,000000,No description,Rail (Regional)
26791_106,596,RB61,RB61,106,992746,FFFFFF,No description,Rail (Regional)
26790_100,596,RB60,RB60,100,66AA22,FFFFFF,No description,Rail (Regional)
26790_106,596,RB60,RB60,106,66AA22,FFFFFF,No description,Rail (Regional)
26789_100,596,RB54,RB54,100,816DA6,FFFFFF,No description,Rail (Regional)
26789_106,596,RB54,RB54,106,816DA6,FFFFFF,No description,Rail (Regional)
26788_100,596,RB36,RB36,100,AD5937,FFFFFF,No description,Rail (Regional)
26788_106,596,RB36,RB36,106,AD5937,FFFFFF,No description,Rail (Regional)
26787_106,596,RB35,RB35,106,816DA6,FFFFFF,No description,Rail (Regional)
26786_100,596,RB27,RB27,100,E2001A,FFFFFF,No description,Rail (Regional)
26786_106,596,RB27,RB27,106,E2001A,FFFFFF,No description,Rail (Regional)
26785_100,596,RB26,RB26,100,009686,FFFFFF,No description,Rail (Regional)
26785_106,596,RB26,RB26,106,009686,FFFFFF,No description,Rail (Regional)
26784_100,596,RB25,RB25,100,007CB0,FFFFFF,No description,Rail (Regional)
26784_106,596,RB25,RB25,106,007CB0,FFFFFF,No description,Rail (Regional)
26783_100,596,RB12,RB12,100,A5027D,FFFFFF,No description,Rail (Regional)
26783_106,596,RB12,RB12,106,A5027D,FFFFFF,No description,Rail (Regional)
23534_700,93,497,497,700,FFFFFF,000000,No description,Bus
23189_700,93,446,446,700,FFFFFF,000000,No description,Bus
19150_700,93,531,531,700,FFFFFF,000000,No description,Bus
19149_700,93,519,519,700,FFFFFF,000000,No description,Bus
19148_700,93,518,518,700,FFFFFF,000000,No description,Bus
19147_700,93,517,517,700,FFFFFF,000000,No description,Bus
19146_700,93,515,515,700,FFFFFF,000000,No description,Bus
19145_700,93,514,514,700,FFFFFF,000000,No description,Bus
19144_700,93,512,512,700,FFFFFF,000000,No description,Bus
19143_700,93,511,511,700,FFFFFF,000000,No description,Bus
19142_700,93,510,510,700,FFFFFF,000000,No description,Bus
19141_700,93,509,509,700,FFFFFF,000000,No description,Bus
19140_700,93,508,508,700,FFFFFF,000000,No description,Bus
19139_700,93,506,506,700,FFFFFF,000000,No description,Bus
19138_700,93,505,505,700,FFFFFF,000000,No description,Bus
19137_700,93,504,504,700,FFFFFF,000000,No description,Bus
19136_700,93,503,503,700,FFFFFF,000000,No description,Bus
19135_700,93,502,502,700,FFFFFF,000000,No description,Bus
19134_700,93,501,501,700,FFFFFF,000000,No description,Bus
19133_700,93,494,494,700,FFFFFF,000000,No description,Bus
19131_700,93,491,491,700,FFFFFF,000000,No description,Bus
19129_700,93,486,486,700,FFFFFF,000000,No description,Bus
19128_700,93,484,484,700,FFFFFF,000000,No description,Bus
19127_700,93,482,482,700,FFFFFF,000000,No description,Bus
19126_700,93,481,481,700,FFFFFF,000000,No description,Bus
19125_700,93,479,479,700,FFFFFF,000000,No description,Bus
19124_700,93,475,475,700,FFFFFF,000000,No description,Bus
19123_700,93,474,474,700,FFFFFF,000000,No description,Bus
19122_700,93,473,473,700,FFFFFF,000000,No description,Bus
19121_700,93,472,472,700,FFFFFF,000000,No description,Bus
19120_700,93,471,471,700,FFFFFF,000000,No description,Bus
19119_700,93,469,469,700,FFFFFF,000000,No description,Bus
19118_700,93,468,PlusBus Nationalparklinie,700,FFFFFF,000000,No description,Bus
19117_700,93,467,467,700,FFFFFF,000000,No description,Bus
19116_700,93,465,465,700,FFFFFF,000000,No description,Bus
19115_700,93,464,464,700,FFFFFF,000000,No description,Bus
19114_700,93,463,463,700,FFFFFF,000000,No description,Bus
19113_700,93,462,462,700,FFFFFF,000000,No description,Bus
19112_700,93,460,460,700,FFFFFF,000000,No description,Bus
19111_700,93,459,459,700,FFFFFF,000000,No description,Bus
19110_700,93,457,457,700,FFFFFF,000000,No description,Bus
19109_700,93,456,456,700,FFFFFF,000000,No description,Bus
19108_700,93,455,455,700,FFFFFF,000000,No description,Bus
19107_700,93,454,454,700,FFFFFF,000000,No description,Bus
19106_700,93,453,453,700,FFFFFF,000000,No description,Bus
19105_700,93,452,452,700,FFFFFF,000000,No description,Bus
19104_700,93,451,451,700,FFFFFF,000000,No description,Bus
19103_700,93,450,450,700,FFFFFF,000000,No description,Bus
19102_700,93,448,448,700,FFFFFF,000000,No description,Bus
19101_700,93,447,447,700,FFFFFF,000000,No description,Bus
19100_700,93,445,445,700,FFFFFF,000000,No description,Bus
19099_700,93,441,441,700,FFFFFF,000000,No description,Bus
19098_700,93,435,435,700,FFFFFF,000000,No description,Bus
19097_700,93,432,432,700,FFFFFF,000000,No description,Bus
19096_700,93,431,431,700,FFFFFF,000000,No description,Bus
19095_700,93,428,428,700,FFFFFF,000000,No description,Bus
19094_700,93,427,427,700,FFFFFF,000000,No description,Bus
19093_700,93,425,425,700,FFFFFF,000000,No description,Bus
19092_700,93,424,424,700,FFFFFF,000000,No description,Bus
19091_700,93,421,421,700,FFFFFF,000000,No description,Bus
19090_700,93,419,419,700,FFFFFF,000000,No description,Bus
19089_700,93,416,416,700,FFFFFF,000000,No description,Bus
19088_700,93,414,414,700,FFFFFF,000000,No description,Bus
19087_700,93,413,413,700,FFFFFF,000000,No description,Bus
19086_700,93,411,411,700,FFFFFF,000000,No description,Bus
19085_700,93,403,403,700,FFFFFF,000000,No description,Bus
19084_700,93,401,401,700,FFFFFF,000000,No description,Bus
28109_700,566,415,415,700,FFFFFF,000000,No description,Bus
27544_700,566,A400,A400,700,FFFFFF,000000,No description,Bus
27317_700,566,733,733,700,FFFFFF,000000,No description,Bus
27316_700,566,722,722,700,FFFFFF,000000,No description,Bus
27315_700,566,464,464,700,FFFFFF,000000,No description,Bus
27314_700,566,463,463,700,FFFFFF,000000,No description,Bus
27313_700,566,462,462,700,FFFFFF,000000,No description,Bus
27312_700,566,461,461,700,FFFFFF,000000,No description,Bus
27311_700,566,460,460,700,FFFFFF,000000,No description,Bus
27310_700,566,459,459,700,FFFFFF,000000,No description,Bus
27309_700,566,458,458,700,FFFFFF,000000,No description,Bus
27308_700,566,457,457,700,FFFFFF,000000,No description,Bus
27307_700,566,456,456,700,FFFFFF,000000,No description,Bus
27306_700,566,455,455,700,FFFFFF,000000,No description,Bus
27304_700,566,453,453,700,FFFFFF,000000,No description,Bus
27303_700,566,452,452,700,FFFFFF,000000,No description,Bus
27302_700,566,451,451,700,FFFFFF,000000,No description,Bus
27301_700,566,441,441,700,FFFFFF,000000,No description,Bus
27300_700,566,440,440,700,FFFFFF,000000,No description,Bus
27299_700,566,439,439,700,FFFFFF,000000,No description,Bus
27298_700,566,438,438,700,FFFFFF,000000,No description,Bus
27297_700,566,437,437,700,FFFFFF,000000,No description,Bus
27296_700,566,436,436,700,FFFFFF,000000,No description,Bus
27295_700,566,435,435,700,FFFFFF,000000,No description,Bus
27294_700,566,434,434,700,FFFFFF,000000,No description,Bus
27293_700,566,433,433,700,FFFFFF,000000,No description,Bus
27292_700,566,432,432,700,FFFFFF,000000,No description,Bus
27291_700,566,431,431,700,FFFFFF,000000,No description,Bus
27290_700,566,430,430,700,FFFFFF,000000,No description,Bus
27289_700,566,429,429,700,FFFFFF,000000,No description,Bus
27288_700,566,428,428,700,FFFFFF,000000,No description,Bus
27287_700,566,427,427,700,FFFFFF,000000,No description,Bus
27286_700,566,426,426,700,FFFFFF,000000,No description,Bus
27285_700,566,424,424,700,FFFFFF,000000,No description,Bus
27284_700,566,423,423,700,FFFFFF,000000,No description,Bus
27283_700,566,421,421,700,FFFFFF,000000,No description,Bus
27282_700,566,420,420,700,FFFFFF,000000,No description,Bus
27281_700,566,419,419,700,FFFFFF,000000,No description,Bus
27280_700,566,418,418,700,FFFFFF,000000,No description,Bus
27279_700,566,416,416,700,FFFFFF,000000,No description,Bus
27278_700,566,414,414,700,FFFFFF,000000,No description,Bus
27277_700,566,413,413,700,FFFFFF,000000,No description,Bus
27276_700,566,412,412,700,FFFFFF,000000,No description,Bus
27275_700,566,411,411,700,FFFFFF,000000,No description,Bus
27274_700,566,409,409,700,FFFFFF,000000,No description,Bus
27273_700,566,408,408,700,FFFFFF,000000,No description,Bus
27272_700,566,407,407,700,FFFFFF,000000,No description,Bus
27271_700,566,406,406,700,FFFFFF,000000,No description,Bus
27270_700,566,405,405,700,FFFFFF,000000,No description,Bus
27269_700,566,404,404,700,FFFFFF,000000,No description,Bus
27268_700,566,403,403,700,FFFFFF,000000,No description,Bus
27267_700,566,402,402,700,FFFFFF,000000,No description,Bus
27266_700,566,401,401,700,FFFFFF,000000,No description,Bus
27265_700,566,400,400,700,FFFFFF,000000,No description,Bus
25219_700,772,T9,T9,700,FFFFFF,000000,No description,Bus
24718_700,772,T6,T6,700,FFFFFF,000000,No description,Bus
24716_700,772,T4,T4,700,FFFFFF,000000,No description,Bus
24715_700,772,T3,T3,700,FFFFFF,000000,No description,Bus
24714_700,772,T1,T1,700,FFFFFF,000000,No description,Bus
23681_700,138,BER2,BER2,700,FFFFFF,000000,No description,Bus
28382_1000,487,F39,F39,1000,FFFFFF,000000,No description,Water Transport
28381_900,487,89,89,900,FFFFFF,000000,No description,Tram
25907_700,721,G/693,G/693,700,FFFFFF,000000,No description,Bus
25906_700,721,C/692,C/692,700,FFFFFF,000000,No description,Bus
25905_700,721,B/691,B/691,700,FFFFFF,000000,No description,Bus
25904_700,721,A/690,A/690,700,FFFFFF,000000,No description,Bus
24853_700,346,661,661,700,FFFFFF,000000,No description,Bus
24852_700,346,643,643,700,FFFFFF,000000,No description,Bus
24851_700,346,642,642,700,FFFFFF,000000,No description,Bus
24850_700,346,641,641,700,FFFFFF,000000,No description,Bus
24849_700,346,626,626,700,FFFFFF,000000,No description,Bus
24848_700,346,625,625,700,FFFFFF,000000,No description,Bus
24847_700,346,624,624,700,FFFFFF,000000,No description,Bus
24846_700,346,623,623,700,FFFFFF,000000,No description,Bus
24845_700,346,622,622,700,FFFFFF,000000,No description,Bus
24844_700,346,621,621,700,FFFFFF,000000,No description,Bus
24843_700,346,620,620,700,FFFFFF,000000,No description,Bus
24842_700,346,619,619,700,FFFFFF,000000,No description,Bus
24841_700,346,618,618,700,FFFFFF,000000,No description,Bus
24840_700,346,617,617,700,FFFFFF,000000,No description,Bus
24839_700,346,616,616,700,FFFFFF,000000,No description,Bus
24838_700,346,615,615,700,FFFFFF,000000,No description,Bus
24837_700,346,614,614,700,FFFFFF,000000,No description,Bus
24836_700,346,613,613,700,FFFFFF,000000,No description,Bus
24835_700,346,612,612,700,FFFFFF,000000,No description,Bus
24834_700,346,611,611,700,FFFFFF,000000,No description,Bus
24833_700,346,610,610,700,FFFFFF,000000,No description,Bus
24832_700,346,609,609,700,FFFFFF,000000,No description,Bus
24831_700,346,608,608,700,FFFFFF,000000,No description,Bus
24830_700,346,607,607,700,FFFFFF,000000,No description,Bus
24829_700,346,606,606,700,FFFFFF,000000,No description,Bus
24828_700,346,605,605,700,FFFFFF,000000,No description,Bus
24827_700,346,604,604,700,FFFFFF,000000,No description,Bus
24826_700,346,603,603,700,FFFFFF,000000,No description,Bus
24825_700,346,602,602,700,FFFFFF,000000,No description,Bus
24824_700,346,601,601,700,FFFFFF,000000,No description,Bus
27969_700,341,599,599,700,FFFFFF,000000,No description,Bus
27968_700,341,598,598,700,FFFFFF,000000,No description,Bus
27967_700,341,595,595,700,FFFFFF,000000,No description,Bus
27966_700,341,592,592,700,FFFFFF,000000,No description,Bus
27965_700,341,587,587,700,FFFFFF,000000,No description,Bus
27964_700,341,586,586,700,FFFFFF,000000,No description,Bus
27963_700,341,585,585,700,FFFFFF,000000,No description,Bus
27962_700,341,584,584,700,FFFFFF,000000,No description,Bus
27961_700,341,581,581,700,FFFFFF,000000,No description,Bus
27960_700,341,579e,579e,700,FFFFFF,000000,No description,Bus
27959_700,341,579,579,700,FFFFFF,000000,No description,Bus
27958_700,341,578,578,700,FFFFFF,000000,No description,Bus
27957_700,341,577,577,700,FFFFFF,000000,No description,Bus
27956_700,341,575,575,700,FFFFFF,000000,No description,Bus
27955_700,341,571,571,700,FFFFFF,000000,No description,Bus
27954_700,341,570,570,700,FFFFFF,000000,No description,Bus
27953_700,341,565,565,700,FFFFFF,000000,No description,Bus
27952_700,341,560,560,700,FFFFFF,000000,No description,Bus
27951_700,341,558,558,700,FFFFFF,000000,No description,Bus
27950_700,341,553,553,700,FFFFFF,000000,No description,Bus
27949_700,341,552,552,700,FFFFFF,000000,No description,Bus
27948_700,341,551,551,700,FFFFFF,000000,No description,Bus
27947_700,341,550,550,700,FFFFFF,000000,No description,Bus
27946_700,341,546,546,700,FFFFFF,000000,No description,Bus
27945_700,341,544,544,700,FFFFFF,000000,No description,Bus
27944_700,341,542,542,700,FFFFFF,000000,No description,Bus
27943_700,341,536,536,700,FFFFFF,000000,No description,Bus
27942_700,341,534,534,700,FFFFFF,000000,No description,Bus
27941_700,341,527e,527e,700,FFFFFF,000000,No description,Bus
27940_700,341,527,527,700,FFFFFF,000000,No description,Bus
27939_700,341,526,526,700,FFFFFF,000000,No description,Bus
27938_700,341,525,525,700,FFFFFF,000000,No description,Bus
27937_700,341,524,524,700,FFFFFF,000000,No description,Bus
27936_700,341,522,522,700,FFFFFF,000000,No description,Bus
27935_700,341,521,521,700,FFFFFF,000000,No description,Bus
27934_700,341,520,520,700,FFFFFF,000000,No description,Bus
28446_100,731,TES,TES,100,FFFFFF,000000,No description,Rail (Regional)
28441_700,731,RB10,RB10,700,FFFFFF,000000,No description,Bus
28323_106,731,RB13,RB13,106,FFFFFF,000000,No description,Rail (Regional)
28259_100,731,RE8,RE8,100,816DA6,FFFFFF,No description,Rail (Regional)
28258_100,731,RB10,RB10,100,FFFFFF,000000,No description,Rail (Regional)
26974_700,731,RB17,RB17,700,FFFFFF,000000,No description,Bus
26954_100,731,RE85,RE85,100,AD5937,FFFFFF,No description,Rail (Regional)
25205_700,731,RE8,RE8,700,FFFFFF,000000,No description,Bus
24394_700,731,RB37,RB37,700,FFFFFF,000000,No description,Bus
24194_700,731,RE8,RE8,700,FFFFFF,000000,No description,Bus
24109_700,731,RE1,RE1,700,FFFFFF,000000,No description,Bus
23945_100,731,RE1,RE1,100,E2001A,FFFFFF,No description,Rail (Regional)
23944_100,731,RB37,RB37,100,AD5937,FFFFFF,No description,Rail (Regional)
23389_106,731,RB15,RB15,106,FFFFFF,000000,No description,Rail (Regional)
22670_106,731,RB19,RB19,106,FFFFFF,000000,No description,Rail (Regional)
20373_106,731,RB64,RB64,106,FFFFFF,000000,No description,Rail (Regional)
20369_100,731,RB65,RB65,100,0066AD,FFFFFF,No description,Rail (Regional)
18969_100,731,RB46,RB46,100,DA6BA2,FFFFFF,No description,Rail (Regional)
17047_700,731,RB65,RB65,700,FFFFFF,000000,No description,Bus
17040_700,731,RB46,RB46,700,FFFFFF,000000,No description,Bus
17039_700,731,RB33,RB33,700,FFFFFF,000000,No description,Bus
16867_106,731,RB13,RB13,106,FFFFFF,000000,No description,Rail (Regional)
16349_100,731,RB51,RB51,100,DA6BA2,FFFFFF,No description,Rail (Regional)
16345_100,731,RB33,RB33,100,A5027D,FFFFFF,No description,Rail (Regional)
25529_700,251,511,511,700,FFFFFF,000000,No description,Bus
23764_700,251,790,790,700,FFFFFF,000000,No description,Bus
23444_700,251,732,732,700,FFFFFF,000000,No description,Bus
22804_700,251,263,263,700,FFFFFF,000000,No description,Bus
22625_700,251,N36,N36,700,FFFFFF,000000,No description,Bus
16009_700,251,741,741,700,FFFFFF,000000,No description,Bus
15714_700,251,742,742,700,FFFFFF,000000,No description,Bus
15374_700,251,519,519,700,FFFFFF,000000,No description,Bus
11216_700,251,518,518,700,FFFFFF,000000,No description,Bus
5384_700,251,743,743,700,FFFFFF,000000,No description,Bus
5382_700,251,739,739,700,FFFFFF,000000,No description,Bus
5381_700,251,738,738,700,FFFFFF,000000,No description,Bus
5380_700,251,737,737,700,FFFFFF,000000,No description,Bus
5379_700,251,736,736,700,FFFFFF,000000,No description,Bus
5378_700,251,735,735,700,FFFFFF,000000,No description,Bus
5377_700,251,734,734,700,FFFFFF,000000,No description,Bus
5376_700,251,733,733,700,FFFFFF,000000,No description,Bus
5373_700,251,731,731,700,FFFFFF,000000,No description,Bus
5372_700,251,730,730,700,FFFFFF,000000,No description,Bus
5371_700,251,729,729,700,FFFFFF,000000,No description,Bus
5370_700,251,728,728,700,FFFFFF,000000,No description,Bus
5369_700,251,727,727,700,FFFFFF,000000,No description,Bus
5368_700,251,726,726,700,FFFFFF,000000,No description,Bus
5366_700,251,725,725,700,FFFFFF,000000,No description,Bus
5365_700,251,724,724,700,FFFFFF,000000,No description,Bus
5364_700,251,723,723,700,FFFFFF,000000,No description,Bus
5363_700,251,722,722,700,FFFFFF,000000,No description,Bus
5362_700,251,721,721,700,FFFFFF,000000,No description,Bus
5359_700,251,517,517,700,FFFFFF,000000,No description,Bus
5358_700,251,516,516,700,FFFFFF,000000,No description,Bus
5356_700,251,513,513,700,FFFFFF,000000,No description,Bus
5355_700,251,512,512,700,FFFFFF,000000,No description,Bus
5354_700,251,510,510,700,FFFFFF,000000,No description,Bus
5353_700,251,509,509,700,FFFFFF,000000,No description,Bus
5352_700,251,508,508,700,FFFFFF,000000,No description,Bus
5351_700,251,507,507,700,FFFFFF,000000,No description,Bus
5350_700,251,506,506,700,FFFFFF,000000,No description,Bus
5348_700,251,504,504,700,FFFFFF,000000,No description,Bus
5346_700,251,502,502,700,FFFFFF,000000,No description,Bus
5345_700,251,500,500,700,FFFFFF,000000,No description,Bus
5344_700,251,477,477,700,FFFFFF,000000,No description,Bus
5343_700,251,476,476,700,FFFFFF,000000,No description,Bus
5342_700,251,475,475,700,FFFFFF,000000,No description,Bus
5341_700,251,474,474,700,FFFFFF,000000,No description,Bus
5340_700,251,473,473,700,FFFFFF,000000,No description,Bus
5339_700,251,472,472,700,FFFFFF,000000,No description,Bus
5338_700,251,471,471,700,FFFFFF,000000,No description,Bus
5337_700,251,470,470,700,FFFFFF,000000,No description,Bus
5336_700,251,469,469,700,FFFFFF,000000,No description,Bus
5335_700,251,468,468,700,FFFFFF,000000,No description,Bus
5334_700,251,465,465,700,FFFFFF,000000,No description,Bus
5333_700,251,467,467,700,FFFFFF,000000,No description,Bus
5332_700,251,466,466,700,FFFFFF,000000,No description,Bus
26504_700,47,P/533,P/533,700,FFFFFF,000000,No description,Bus
21947_700,47,2,2,700,FFFFFF,000000,No description,Bus
15260_700,47,L/530,L/530,700,FFFFFF,000000,No description,Bus
5607_700,47,N4,N4,700,FFFFFF,000000,No description,Bus
5606_700,47,K/529,K/529,700,FFFFFF,000000,No description,Bus
343_900,47,6,6,900,FFFFFF,000000,No description,Tram
340_900,47,1,1,900,FFFFFF,000000,No description,Tram
337_700,47,N2,N2,700,FFFFFF,000000,No description,Bus
336_700,47,N1,N1,700,FFFFFF,000000,No description,Bus
335_700,47,W/540,W/540,700,FFFFFF,000000,No description,Bus
333_700,47,H/528,H/528,700,FFFFFF,000000,No description,Bus
331_700,47,F/526,F/526,700,FFFFFF,000000,No description,Bus
330_700,47,E/525,E/525,700,FFFFFF,000000,No description,Bus
329_700,47,D/524,D/524,700,FFFFFF,000000,No description,Bus
328_700,47,C/523,C/523,700,FFFFFF,000000,No description,Bus
327_700,47,B/522,B/522,700,FFFFFF,000000,No description,Bus
26410_700,241,958,958,700,FFFFFF,000000,No description,Bus
26409_700,241,825,825,700,FFFFFF,000000,No description,Bus
24694_700,241,903,903,700,FFFFFF,000000,No description,Bus
23724_700,241,872,872,700,FFFFFF,000000,No description,Bus
23435_700,241,906,906,700,FFFFFF,000000,No description,Bus
22775_700,241,871,871,700,FFFFFF,000000,No description,Bus
21750_700,241,889,889,700,FFFFFF,000000,No description,Bus
21749_700,241,866,866,700,FFFFFF,000000,No description,Bus
20879_700,241,879,879,700,FFFFFF,000000,No description,Bus
20479_700,241,870,870,700,FFFFFF,000000,No description,Bus
19244_700,241,914,914,700,FFFFFF,000000,No description,Bus
19009_700,241,897,897,700,FFFFFF,000000,No description,Bus
16374_700,241,882,882,700,FFFFFF,000000,No description,Bus
14733_700,241,867,867,700,FFFFFF,000000,No description,Bus
14428_700,241,863,863,700,FFFFFF,000000,No description,Bus
10234_700,241,917,917,700,FFFFFF,000000,No description,Bus
7251_700,241,869,869,700,FFFFFF,000000,No description,Bus
4287_700,241,862,862,700,FFFFFF,000000,No description,Bus
4281_700,241,861,861,700,FFFFFF,000000,No description,Bus
4271_700,241,923,923,700,FFFFFF,000000,No description,Bus
4270_700,241,922,922,700,FFFFFF,000000,No description,Bus
4269_700,241,921,921,700,FFFFFF,000000,No description,Bus
4268_700,241,920,920,700,FFFFFF,000000,No description,Bus
4267_700,241,919,919,700,FFFFFF,000000,No description,Bus
4266_700,241,918,918,700,FFFFFF,000000,No description,Bus
4265_700,241,916,916,700,FFFFFF,000000,No description,Bus
4264_700,241,915,915,700,FFFFFF,000000,No description,Bus
4262_700,241,913,913,700,FFFFFF,000000,No description,Bus
4261_700,241,912,912,700,FFFFFF,000000,No description,Bus
4260_700,241,911,911,700,FFFFFF,000000,No description,Bus
4259_700,241,910,910,700,FFFFFF,000000,No description,Bus
4258_700,241,909,909,700,FFFFFF,000000,No description,Bus
4257_700,241,908,908,700,FFFFFF,000000,No description,Bus
4256_700,241,907,907,700,FFFFFF,000000,No description,Bus
4254_700,241,905,905,700,FFFFFF,000000,No description,Bus
4253_700,241,904,904,700,FFFFFF,000000,No description,Bus
4251_700,241,902,902,700,FFFFFF,000000,No description,Bus
4250_700,241,901,901,700,FFFFFF,000000,No description,Bus
4249_700,241,900,900,700,FFFFFF,000000,No description,Bus
4248_700,241,899,899,700,FFFFFF,000000,No description,Bus
4247_700,241,898,898,700,FFFFFF,000000,No description,Bus
4245_700,241,896,896,700,FFFFFF,000000,No description,Bus
4244_700,241,895,895,700,FFFFFF,000000,No description,Bus
4243_700,241,894,894,700,FFFFFF,000000,No description,Bus
4242_700,241,893,893,700,FFFFFF,000000,No description,Bus
4241_700,241,892,892,700,FFFFFF,000000,No description,Bus
4240_700,241,891,891,700,FFFFFF,000000,No description,Bus
4239_700,241,890,890,700,FFFFFF,000000,No description,Bus
4238_700,241,887,887,700,FFFFFF,000000,No description,Bus
4237_700,241,886,886,700,FFFFFF,000000,No description,Bus
4236_700,241,885,885,700,FFFFFF,000000,No description,Bus
4235_700,241,884,884,700,FFFFFF,000000,No description,Bus
4234_700,241,883,883,700,FFFFFF,000000,No description,Bus
4232_700,241,881,881,700,FFFFFF,000000,No description,Bus
4231_700,241,880,880,700,FFFFFF,000000,No description,Bus
4229_700,241,878,878,700,FFFFFF,000000,No description,Bus
4228_700,241,877,877,700,FFFFFF,000000,No description,Bus
4227_700,241,876,876,700,FFFFFF,000000,No description,Bus
4226_700,241,875,875,700,FFFFFF,000000,No description,Bus
4225_700,241,874,874,700,FFFFFF,000000,No description,Bus
4224_700,241,873,873,700,FFFFFF,000000,No description,Bus
4223_700,241,868,868,700,FFFFFF,000000,No description,Bus
4222_700,241,865,865,700,FFFFFF,000000,No description,Bus
4221_700,241,864,864,700,FFFFFF,000000,No description,Bus
28806_700,846,570,570,700,FFFFFF,000000,No description,Bus
28805_700,846,561,561,700,FFFFFF,000000,No description,Bus
28804_700,846,557,557,700,FFFFFF,000000,No description,Bus
28803_700,846,556,556,700,FFFFFF,000000,No description,Bus
28802_700,846,554,554,700,FFFFFF,000000,No description,Bus
28801_700,846,550,550,700,FFFFFF,000000,No description,Bus
28800_700,846,548,548,700,FFFFFF,000000,No description,Bus
28799_700,846,546,546,700,FFFFFF,000000,No description,Bus
28400_700,846,568,568,700,FFFFFF,000000,No description,Bus
28399_700,846,567,567,700,FFFFFF,000000,No description,Bus
28398_700,476,557,557,700,FFFFFF,000000,No description,Bus
28397_700,476,553,553,700,FFFFFF,000000,No description,Bus
28396_700,476,552,552,700,FFFFFF,000000,No description,Bus
22624_700,846,540,540,700,FFFFFF,000000,No description,Bus
22454_700,846,545,545,700,FFFFFF,000000,No description,Bus
22453_700,846,543,543,700,FFFFFF,000000,No description,Bus
22452_700,846,542,542,700,FFFFFF,000000,No description,Bus
22451_700,846,541,541,700,FFFFFF,000000,No description,Bus
22424_700,846,E30,E30,700,FFFFFF,000000,No description,Bus
20931_700,846,640,640,700,FFFFFF,000000,No description,Bus
20930_700,846,641,641,700,FFFFFF,000000,No description,Bus
20845_700,846,549,549,700,FFFFFF,000000,No description,Bus
19211_700,846,X43,X43,700,FFFFFF,000000,No description,Bus
18945_700,846,X1,X1,700,FFFFFF,000000,No description,Bus
18943_700,846,N13,N13,700,FFFFFF,000000,No description,Bus
18941_700,846,647,647,700,FFFFFF,000000,No description,Bus
18940_700,846,646,646,700,FFFFFF,000000,No description,Bus
18939_700,846,645,645,700,FFFFFF,000000,No description,Bus
18938_700,846,644,644,700,FFFFFF,000000,No description,Bus
18937_700,846,643,643,700,FFFFFF,000000,No description,Bus
18936_700,846,642,642,700,FFFFFF,000000,No description,Bus
18935_700,846,635,635,700,FFFFFF,000000,No description,Bus
18934_700,846,634,634,700,FFFFFF,000000,No description,Bus
18933_700,846,633,633,700,FFFFFF,000000,No description,Bus
18932_700,846,632,632,700,FFFFFF,000000,No description,Bus
18931_700,846,631,631,700,FFFFFF,000000,No description,Bus
18930_700,846,630,630,700,FFFFFF,000000,No description,Bus
18929_700,846,629,629,700,FFFFFF,000000,No description,Bus
18928_700,846,628,628,700,FFFFFF,000000,No description,Bus
18927_700,846,627,627,700,FFFFFF,000000,No description,Bus
18926_700,846,626,626,700,FFFFFF,000000,No description,Bus
18924_700,846,624,624,700,FFFFFF,000000,No description,Bus
18923_700,846,623,623,700,FFFFFF,000000,No description,Bus
18922_700,846,622,622,700,FFFFFF,000000,No description,Bus
18921_700,846,621,621,700,FFFFFF,000000,No description,Bus
18920_700,846,620,620,700,FFFFFF,000000,No description,Bus
18917_700,846,613,613,700,FFFFFF,000000,No description,Bus
18916_700,846,612,612,700,FFFFFF,000000,No description,Bus
18915_700,846,611,611,700,FFFFFF,000000,No description,Bus
18914_700,846,610,610,700,FFFFFF,000000,No description,Bus
18913_700,846,608,608,700,FFFFFF,000000,No description,Bus
18911_700,846,607,607,700,FFFFFF,000000,No description,Bus
18910_700,846,602,602,700,FFFFFF,000000,No description,Bus
18909_700,846,601,601,700,FFFFFF,000000,No description,Bus
18908_700,846,590,590,700,FFFFFF,000000,No description,Bus
18907_700,846,589,589,700,FFFFFF,000000,No description,Bus
18906_700,846,588,588,700,FFFFFF,000000,No description,Bus
18905_700,846,587,587,700,FFFFFF,000000,No description,Bus
18904_700,846,586,586,700,FFFFFF,000000,No description,Bus
18903_700,846,585,585,700,FFFFFF,000000,No description,Bus
18902_700,846,584,584,700,FFFFFF,000000,No description,Bus
18901_700,846,583,583,700,FFFFFF,000000,No description,Bus
18900_700,846,582,582,700,FFFFFF,000000,No description,Bus
18899_700,846,581,581,700,FFFFFF,000000,No description,Bus
18898_700,846,580,580,700,FFFFFF,000000,No description,Bus
18897_700,846,572,572,700,FFFFFF,000000,No description,Bus
18895_700,846,569,569,700,FFFFFF,000000,No description,Bus
18893_700,846,564,564,700,FFFFFF,000000,No description,Bus
18892_700,846,563,563,700,FFFFFF,000000,No description,Bus
18891_700,846,562,562,700,FFFFFF,000000,No description,Bus
18889_700,846,560,560,700,FFFFFF,000000,No description,Bus
18888_700,846,558,558,700,FFFFFF,000000,No description,Bus
18887_3,846,555,555,3,FFFFFF,000000,No description,Bus
18887_700,846,555,555,700,FFFFFF,000000,No description,Bus
18886_700,846,553,553,700,FFFFFF,000000,No description,Bus
18885_700,846,552,552,700,FFFFFF,000000,No description,Bus
18884_700,846,551,551,700,FFFFFF,000000,No description,Bus
18819_700,476,556,556,700,FFFFFF,000000,No description,Bus
18471_700,706,546,546,700,FFFFFF,000000,No description,Bus
18470_700,480,592,592,700,FFFFFF,000000,No description,Bus
18469_700,480,591,591,700,FFFFFF,000000,No description,Bus
18326_700,476,554,554,700,FFFFFF,000000,No description,Bus
18325_700,476,550,550,700,FFFFFF,000000,No description,Bus
17554_700,606,549,549,700,FFFFFF,000000,No description,Bus
17065_700,781,596,596,700,FFFFFF,000000,No description,Bus
17064_700,781,593,593,700,FFFFFF,000000,No description,Bus
17063_700,781,559,559,700,FFFFFF,000000,No description,Bus
28712_700,796,339,339,700,FFFFFF,000000,No description,Bus
28260_900,796,21,21,900,FFFFFF,000000,No description,Tram
28169_900,796,16,16,900,FFFFFF,000000,No description,Tram
27569_700,796,215,215,700,FFFFFF,000000,No description,Bus
26782_700,796,N63,N63,700,FFFFFF,000000,No description,Bus
26781_700,796,893,893,700,FFFFFF,000000,No description,Bus
26780_700,796,358,358,700,FFFFFF,000000,No description,Bus
24759_700,796,X36,X36,700,FFFFFF,000000,No description,Bus
24659_700,796,U3,U3,700,FFFFFF,000000,No description,Bus
23984_700,796,334R,334R,700,FFFFFF,000000,No description,Bus
23416_700,796,N43,N43,700,FFFFFF,000000,No description,Bus
23415_700,796,M43,M43,700,FFFFFF,000000,No description,Bus
23414_700,796,143,143,700,FFFFFF,000000,No description,Bus
23154_700,796,X37,X37,700,FFFFFF,000000,No description,Bus
22755_700,796,N96,N96,700,FFFFFF,000000,No description,Bus
22754_700,796,M36,M36,700,FFFFFF,000000,No description,Bus
22674_700,796,N64,N64,700,FFFFFF,000000,No description,Bus
22609_700,796,744,744,700,FFFFFF,000000,No description,Bus
22390_700,796,X71,X71,700,FFFFFF,000000,No description,Bus
22389_700,796,N7X,N7X,700,FFFFFF,000000,No description,Bus
21681_700,796,N77,N77,700,FFFFFF,000000,No description,Bus
21680_700,796,N12,N12,700,FFFFFF,000000,No description,Bus
21284_700,796,300,300,700,FFFFFF,000000,No description,Bus
20359_700,796,N18,N18,700,FFFFFF,000000,No description,Bus
19019_700,796,365,365,700,FFFFFF,000000,No description,Bus
18374_700,796,169,169,700,FFFFFF,000000,No description,Bus
17999_900,796,M6,M6,900,FFFFFF,000000,No description,Tram
17994_700,796,U2,U2,700,FFFFFF,000000,No description,Bus
17609_700,796,M4,M4,700,FFFFFF,000000,No description,Bus
17591_700,796,M6,M6,700,FFFFFF,000000,No description,Bus
17589_700,796,16,16,700,FFFFFF,000000,No description,Bus
17549_700,796,M13,M13,700,FFFFFF,000000,No description,Bus
17538_700,796,X83,X83,700,FFFFFF,000000,No description,Bus
17537_700,796,X76,X76,700,FFFFFF,000000,No description,Bus
17536_700,796,X69,X69,700,FFFFFF,000000,No description,Bus
17535_700,796,X54,X54,700,FFFFFF,000000,No description,Bus
17534_700,796,X49,X49,700,FFFFFF,000000,No description,Bus
17533_700,796,X34,X34,700,FFFFFF,000000,No description,Bus
17532_700,796,X33,X33,700,FFFFFF,000000,No description,Bus
17531_700,796,X21,X21,700,FFFFFF,000000,No description,Bus
17530_700,796,X11,X11,700,FFFFFF,000000,No description,Bus
17529_700,796,X10,X10,700,FFFFFF,000000,No description,Bus
17527_700,796,X7,X7,700,FFFFFF,000000,No description,Bus
17526_400,796,U9,U9,400,F3791D,000000,No description,U-Bahn
17525_400,796,U8,U8,400,224F86,FFFFFF,No description,U-Bahn
17523_400,796,U7,U7,400,009BD5,FFFFFF,No description,U-Bahn
17522_700,796,U7,U7,700,FFFFFF,000000,No description,Bus
17521_400,796,U6,U6,400,8C6DAB,FFFFFF,No description,U-Bahn
17520_700,796,U6,U6,700,FFFFFF,000000,No description,Bus
17518_400,796,U5,U5,400,7E5330,FFFFFF,No description,U-Bahn
17517_700,796,U5,U5,700,FFFFFF,000000,No description,Bus
17516_400,796,U4,U4,400,F0D722,000000,No description,U-Bahn
17515_400,796,U3,U3,400,16683D,FFFFFF,No description,U-Bahn
17514_400,796,U2,U2,400,DA421E,FFFFFF,No description,U-Bahn
17512_400,796,U1,U1,400,7DAD4C,FFFFFF,No description,U-Bahn
17510_700,796,N97,N97,700,FFFFFF,000000,No description,Bus
17509_700,796,N95,N95,700,FFFFFF,000000,No description,Bus
17508_700,796,N94,N94,700,FFFFFF,000000,No description,Bus
17507_700,796,N91,N91,700,FFFFFF,000000,No description,Bus
17505_700,796,N88,N88,700,FFFFFF,000000,No description,Bus
17504_700,796,N84,N84,700,FFFFFF,000000,No description,Bus
17503_700,796,N81,N81,700,FFFFFF,000000,No description,Bus
17501_700,796,N70,N70,700,FFFFFF,000000,No description,Bus
17500_700,796,N69,N69,700,FFFFFF,000000,No description,Bus
17499_700,796,N68,N68,700,FFFFFF,000000,No description,Bus
17497_700,796,N65,N65,700,FFFFFF,000000,No description,Bus
17496_700,796,N62,N62,700,FFFFFF,000000,No description,Bus
17495_700,796,N61,N61,700,FFFFFF,000000,No description,Bus
17494_700,796,N60,N60,700,FFFFFF,000000,No description,Bus
17493_700,796,N58,N58,700,FFFFFF,000000,No description,Bus
17492_700,796,N56,N56,700,FFFFFF,000000,No description,Bus
17491_700,796,N53,N53,700,FFFFFF,000000,No description,Bus
17490_700,796,N52,N52,700,FFFFFF,000000,No description,Bus
17489_700,796,N50,N50,700,FFFFFF,000000,No description,Bus
17488_700,796,N42,N42,700,FFFFFF,000000,No description,Bus
17487_700,796,N40,N40,700,FFFFFF,000000,No description,Bus
17486_700,796,N39,N39,700,FFFFFF,000000,No description,Bus
17485_700,796,N35,N35,700,FFFFFF,000000,No description,Bus
17484_700,796,N34,N34,700,FFFFFF,000000,No description,Bus
17483_700,796,N33,N33,700,FFFFFF,000000,No description,Bus
17482_700,796,N30,N30,700,FFFFFF,000000,No description,Bus
17481_700,796,N26,N26,700,FFFFFF,000000,No description,Bus
17480_700,796,N25,N25,700,FFFFFF,000000,No description,Bus
17479_700,796,N24,N24,700,FFFFFF,000000,No description,Bus
17478_700,796,N23,N23,700,FFFFFF,000000,No description,Bus
17477_700,796,N22,N22,700,FFFFFF,000000,No description,Bus
17476_700,796,N20,N20,700,FFFFFF,000000,No description,Bus
17474_700,796,N10,N10,700,FFFFFF,000000,No description,Bus
17473_700,796,N9,N9,700,FFFFFF,000000,No description,Bus
17472_700,796,N8,N8,700,FFFFFF,000000,No description,Bus
17471_700,796,N7,N7,700,FFFFFF,000000,No description,Bus
17470_700,796,N6,N6,700,FFFFFF,000000,No description,Bus
17469_700,796,N5,N5,700,FFFFFF,000000,No description,Bus
17468_700,796,N3,N3,700,FFFFFF,000000,No description,Bus
17467_700,796,N2,N2,700,FFFFFF,000000,No description,Bus
17466_700,796,N1,N1,700,FFFFFF,000000,No description,Bus
17465_700,796,M85,M85,700,FFFFFF,000000,No description,Bus
17464_700,796,M82,M82,700,FFFFFF,000000,No description,Bus
17463_900,796,M8,M8,900,FFFFFF,000000,No description,Tram
17462_700,796,M77,M77,700,FFFFFF,000000,No description,Bus
17461_700,796,M76,M76,700,FFFFFF,000000,No description,Bus
17460_900,796,M6,M6,900,FFFFFF,000000,No description,Tram
17459_900,796,M5,M5,900,FFFFFF,000000,No description,Tram
17458_700,796,M49,M49,700,FFFFFF,000000,No description,Bus
17457_700,796,M48,M48,700,FFFFFF,000000,No description,Bus
17456_700,796,M46,M46,700,FFFFFF,000000,No description,Bus
17455_700,796,M45,M45,700,FFFFFF,000000,No description,Bus
17454_700,796,M44,M44,700,FFFFFF,000000,No description,Bus
17453_700,796,M41,M41,700,FFFFFF,000000,No description,Bus
17452_900,796,M4,M4,900,FFFFFF,000000,No description,Tram
17451_700,796,M37,M37,700,FFFFFF,000000,No description,Bus
17450_700,796,M32,M32,700,FFFFFF,000000,No description,Bus
17449_700,796,M29,M29,700,FFFFFF,000000,No description,Bus
17448_700,796,M27,M27,700,FFFFFF,000000,No description,Bus
17447_700,796,M21,M21,700,FFFFFF,000000,No description,Bus
17446_900,796,M2,M2,900,FFFFFF,000000,No description,Tram
17445_700,796,M19,M19,700,FFFFFF,000000,No description,Bus
17444_900,796,M17,M17,900,FFFFFF,000000,No description,Tram
17443_700,796,M17,M17,700,FFFFFF,000000,No description,Bus
17442_900,796,M13,M13,900,FFFFFF,000000,No description,Tram
17441_700,796,M11,M11,700,FFFFFF,000000,No description,Bus
17440_900,796,M10,M10,900,FFFFFF,000000,No description,Tram
17439_700,796,M10,M10,700,FFFFFF,000000,No description,Bus
17438_900,796,M1,M1,900,FFFFFF,000000,No description,Tram
17437_700,796,M8,M8,700,FFFFFF,000000,No description,Bus
17434_1000,796,F24,F24,1000,FFFFFF,000000,No description,Water Transport
17433_1000,796,F23,F23,1000,FFFFFF,000000,No description,Water Transport
17432_1000,796,F21,F21,1000,FFFFFF,000000,No description,Water Transport
17431_1000,796,F12,F12,1000,FFFFFF,000000,No description,Water Transport
17430_1000,796,F11,F11,1000,FFFFFF,000000,No description,Water Transport
17429_1000,796,F10,F10,1000,FFFFFF,000000,No description,Water Transport
17427_900,796,27,27,900,FFFFFF,000000,No description,Tram
17425_900,796,M17,M17,900,FFFFFF,000000,No description,Tram
17424_900,796,M8,M8,900,FFFFFF,000000,No description,Tram
17423_900,796,M5,M5,900,FFFFFF,000000,No description,Tram
17422_900,796,68,68,900,FFFFFF,000000,No description,Tram
17421_900,796,67,67,900,FFFFFF,000000,No description,Tram
17420_900,796,63,63,900,FFFFFF,000000,No description,Tram
17419_900,796,62,62,900,FFFFFF,000000,No description,Tram
17418_900,796,61,61,900,FFFFFF,000000,No description,Tram
17417_900,796,60,60,900,FFFFFF,000000,No description,Tram
17416_900,796,50,50,900,FFFFFF,000000,No description,Tram
17415_700,796,399,399,700,FFFFFF,000000,No description,Bus
17414_700,796,398,398,700,FFFFFF,000000,No description,Bus
17413_700,796,396,396,700,FFFFFF,000000,No description,Bus
17412_700,796,395,395,700,FFFFFF,000000,No description,Bus
17411_700,796,390,390,700,FFFFFF,000000,No description,Bus
17410_700,796,380,380,700,FFFFFF,000000,No description,Bus
17409_700,796,377,377,700,FFFFFF,000000,No description,Bus
17407_700,796,372,372,700,FFFFFF,000000,No description,Bus
17406_700,796,371,371,700,FFFFFF,000000,No description,Bus
17404_900,796,37,37,900,FFFFFF,000000,No description,Tram
17403_700,796,369,369,700,FFFFFF,000000,No description,Bus
17402_700,796,363,363,700,FFFFFF,000000,No description,Bus
17401_700,796,353,353,700,FFFFFF,000000,No description,Bus
17400_700,796,350,350,700,FFFFFF,000000,No description,Bus
17399_700,796,349,349,700,FFFFFF,000000,No description,Bus
17398_700,796,347,347,700,FFFFFF,000000,No description,Bus
17395_700,796,337,337,700,FFFFFF,000000,No description,Bus
17394_700,796,334,334,700,FFFFFF,000000,No description,Bus
17393_700,796,327,327,700,FFFFFF,000000,No description,Bus
17392_700,796,326,326,700,FFFFFF,000000,No description,Bus
17391_700,796,324,324,700,FFFFFF,000000,No description,Bus
17390_700,796,322,322,700,FFFFFF,000000,No description,Bus
17389_700,796,320,320,700,FFFFFF,000000,No description,Bus
17388_700,796,318,318,700,FFFFFF,000000,No description,Bus
17387_700,796,316,316,700,FFFFFF,000000,No description,Bus
17386_700,796,312,312,700,FFFFFF,000000,No description,Bus
17385_700,796,309,309,700,FFFFFF,000000,No description,Bus
17384_700,796,296,296,700,FFFFFF,000000,No description,Bus
17383_700,796,294,294,700,FFFFFF,000000,No description,Bus
17382_700,796,291,291,700,FFFFFF,000000,No description,Bus
17381_700,796,285,285,700,FFFFFF,000000,No description,Bus
17380_700,796,284,284,700,FFFFFF,000000,No description,Bus
17379_700,796,283,283,700,FFFFFF,000000,No description,Bus
17378_700,796,282,282,700,FFFFFF,000000,No description,Bus
17377_700,796,277,277,700,FFFFFF,000000,No description,Bus
17376_700,796,275,275,700,FFFFFF,000000,No description,Bus
17375_700,796,271,271,700,FFFFFF,000000,No description,Bus
17374_900,796,27,27,900,FFFFFF,000000,No description,Tram
17373_700,796,269,269,700,FFFFFF,000000,No description,Bus
17372_700,796,265,265,700,FFFFFF,000000,No description,Bus
17370_700,796,260,260,700,FFFFFF,000000,No description,Bus
17369_700,796,259,259,700,FFFFFF,000000,No description,Bus
17368_700,796,256,256,700,FFFFFF,000000,No description,Bus
17367_700,796,255,255,700,FFFFFF,000000,No description,Bus
17366_700,796,250,250,700,FFFFFF,000000,No description,Bus
17365_700,796,249,249,700,FFFFFF,000000,No description,Bus
17364_700,796,248,248,700,FFFFFF,000000,No description,Bus
17363_700,796,247,247,700,FFFFFF,000000,No description,Bus
17362_700,796,246,246,700,FFFFFF,000000,No description,Bus
17361_700,796,245,245,700,FFFFFF,000000,No description,Bus
17360_700,796,240,240,700,FFFFFF,000000,No description,Bus
17359_700,796,237,237,700,FFFFFF,000000,No description,Bus
17357_700,796,234,234,700,FFFFFF,000000,No description,Bus
17356_700,796,222,222,700,FFFFFF,000000,No description,Bus
17355_700,796,221,221,700,FFFFFF,000000,No description,Bus
17354_700,796,220,220,700,FFFFFF,000000,No description,Bus
17353_700,796,218,218,700,FFFFFF,000000,No description,Bus
17352_900,796,21,21,900,FFFFFF,000000,No description,Tram
17351_700,796,204,204,700,FFFFFF,000000,No description,Bus
17350_700,796,200,200,700,FFFFFF,000000,No description,Bus
17349_700,796,197,197,700,FFFFFF,000000,No description,Bus
17348_700,796,195,195,700,FFFFFF,000000,No description,Bus
17347_700,796,194,194,700,FFFFFF,000000,No description,Bus
17346_700,796,192,192,700,FFFFFF,000000,No description,Bus
17345_700,796,191,191,700,FFFFFF,000000,No description,Bus
17344_700,796,190,190,700,FFFFFF,000000,No description,Bus
17343_700,796,188,188,700,FFFFFF,000000,No description,Bus
17342_700,796,187,187,700,FFFFFF,000000,No description,Bus
17341_700,796,186,186,700,FFFFFF,000000,No description,Bus
17340_700,796,184,184,700,FFFFFF,000000,No description,Bus
17339_700,796,181,181,700,FFFFFF,000000,No description,Bus
17338_900,796,18,18,900,FFFFFF,000000,No description,Tram
17337_700,796,179,179,700,FFFFFF,000000,No description,Bus
17336_700,796,175,175,700,FFFFFF,000000,No description,Bus
17335_700,796,172,172,700,FFFFFF,000000,No description,Bus
17334_700,796,171,171,700,FFFFFF,000000,No description,Bus
17333_700,796,170,170,700,FFFFFF,000000,No description,Bus
17332_700,796,168,168,700,FFFFFF,000000,No description,Bus
17331_700,796,166,166,700,FFFFFF,000000,No description,Bus
17330_700,796,165,165,700,FFFFFF,000000,No description,Bus
17329_700,796,164,164,700,FFFFFF,000000,No description,Bus
17328_700,796,163,163,700,FFFFFF,000000,No description,Bus
17327_700,796,162,162,700,FFFFFF,000000,No description,Bus
17326_700,796,161,161,700,FFFFFF,000000,No description,Bus
17325_700,796,160,160,700,FFFFFF,000000,No description,Bus
17324_900,796,16,16,900,FFFFFF,000000,No description,Tram
17323_700,796,158,158,700,FFFFFF,000000,No description,Bus
17322_700,796,156,156,700,FFFFFF,000000,No description,Bus
17321_700,796,155,155,700,FFFFFF,000000,No description,Bus
17320_700,796,154,154,700,FFFFFF,000000,No description,Bus
17319_700,796,150,150,700,FFFFFF,000000,No description,Bus
17318_700,796,147,147,700,FFFFFF,000000,No description,Bus
17317_700,796,142,142,700,FFFFFF,000000,No description,Bus
17316_700,796,140,140,700,FFFFFF,000000,No description,Bus
17315_700,796,139,139,700,FFFFFF,000000,No description,Bus
17314_700,796,137,137,700,FFFFFF,000000,No description,Bus
17313_700,796,136,136,700,FFFFFF,000000,No description,Bus
17312_700,796,135,135,700,FFFFFF,000000,No description,Bus
17311_700,796,134,134,700,FFFFFF,000000,No description,Bus
17310_700,796,133,133,700,FFFFFF,000000,No description,Bus
17309_700,796,131,131,700,FFFFFF,000000,No description,Bus
17308_700,796,130,130,700,FFFFFF,000000,No description,Bus
17307_700,796,128,128,700,FFFFFF,000000,No description,Bus
17306_700,796,125,125,700,FFFFFF,000000,No description,Bus
17305_700,796,124,124,700,FFFFFF,000000,No description,Bus
17304_700,796,123,123,700,FFFFFF,000000,No description,Bus
17303_700,796,122,122,700,FFFFFF,000000,No description,Bus
17302_700,796,120,120,700,FFFFFF,000000,No description,Bus
17301_900,796,12,12,900,FFFFFF,000000,No description,Tram
17300_700,796,118,118,700,FFFFFF,000000,No description,Bus
17299_700,796,115,115,700,FFFFFF,000000,No description,Bus
17298_700,796,114,114,700,FFFFFF,000000,No description,Bus
17297_700,796,112,112,700,FFFFFF,000000,No description,Bus
17296_700,796,110,110,700,FFFFFF,000000,No description,Bus
17295_700,796,109,109,700,FFFFFF,000000,No description,Bus
17294_700,796,108,108,700,FFFFFF,000000,No description,Bus
17293_700,796,107,107,700,FFFFFF,000000,No description,Bus
17292_700,796,106,106,700,FFFFFF,000000,No description,Bus
17290_700,796,101,101,700,FFFFFF,000000,No description,Bus
17289_700,796,100,100,700,FFFFFF,000000,No description,Bus
17288_700,796,68,68,700,FFFFFF,000000,No description,Bus
17281_700,796,27,27,700,FFFFFF,000000,No description,Bus
17280_700,796,21,21,700,FFFFFF,000000,No description,Bus
28776_109,1,S47,S47,109,FFFFFF,000000,No description,S-Bahn
28412_109,1,S85,S85,109,FFFFFF,000000,No description,S-Bahn
28411_109,1,S8,S8,109,FFFFFF,000000,No description,S-Bahn
25929_109,1,S3,S3,109,0066AD,FFFFFF,No description,S-Bahn
24864_109,1,S5,S5,109,EB7405,FFFFFF,No description,S-Bahn
23329_700,1,S9A,S9A,700,FFFFFF,000000,No description,Bus
22240_109,1,S85,S85,109,66AA22,FFFFFF,No description,S-Bahn
21649_109,1,S25,S25,109,007734,FFFFFF,No description,S-Bahn
19939_700,1,S9X,S9X,700,FFFFFF,000000,No description,Bus
18950_109,1,S3,S3,109,0066AD,FFFFFF,No description,S-Bahn
18949_109,1,S26,S26,109,007734,FFFFFF,No description,S-Bahn
16815_109,1,S7,S7,109,816DA6,FFFFFF,No description,S-Bahn
16814_109,1,S7,S7,109,816DA6,FFFFFF,No description,S-Bahn
14383_700,1,S42,S42,700,FFFFFF,000000,No description,Bus
11701_700,1,S3,S3,700,FFFFFF,000000,No description,Bus
11561_109,1,S3,S3,109,0066AD,FFFFFF,No description,S-Bahn
11537_109,1,S46,S46,109,CD9C53,FFFFFF,No description,S-Bahn
11536_109,1,S46,S46,109,CD9C53,FFFFFF,No description,S-Bahn
11343_700,1,S8,S8,700,FFFFFF,000000,No description,Bus
11342_700,1,S41,S41,700,FFFFFF,000000,No description,Bus
11341_700,1,S25,S25,700,FFFFFF,000000,No description,Bus
10371_700,1,S9,S9,700,FFFFFF,000000,No description,Bus
10281_109,1,S8,S8,109,66AA22,FFFFFF,No description,S-Bahn
10279_109,1,S2,S2,109,007734,FFFFFF,No description,S-Bahn
10278_109,1,S2,S2,109,007734,FFFFFF,No description,S-Bahn
10277_109,1,S1,S1,109,DA6BA2,FFFFFF,No description,S-Bahn
10276_109,1,S1,S1,109,DA6BA2,FFFFFF,No description,S-Bahn
10272_700,1,S7,S7,700,FFFFFF,000000,No description,Bus
10271_109,1,S9,S9,109,992746,FFFFFF,No description,S-Bahn
10236_700,1,S46,S46,700,FFFFFF,000000,No description,Bus
10231_700,1,S2,S2,700,FFFFFF,000000,No description,Bus
10229_109,1,S47,S47,109,CD9C53,FFFFFF,No description,S-Bahn
10228_109,1,S42,S42,109,CB6418,FFFFFF,No description,S-Bahn
10227_109,1,S42,S42,109,CB6418,FFFFFF,No description,S-Bahn
10226_109,1,S42,S42,109,CB6418,FFFFFF,No description,S-Bahn
10225_109,1,S41,S41,109,AD5937,FFFFFF,No description,S-Bahn
10224_109,1,S41,S41,109,AD5937,FFFFFF,No description,S-Bahn
10223_109,1,S41,S41,109,AD5937,FFFFFF,No description,S-Bahn
10170_109,1,S9,S9,109,992746,FFFFFF,No description,S-Bahn
10167_109,1,S8,S8,109,66AA22,FFFFFF,No description,S-Bahn
10166_109,1,S75,S75,109,816DA6,FFFFFF,No description,S-Bahn
10165_109,1,S75,S75,109,816DA6,FFFFFF,No description,S-Bahn
10163_109,1,S7,S7,109,816DA6,FFFFFF,No description,S-Bahn
10162_109,1,S7,S7,109,816DA6,FFFFFF,No description,S-Bahn
10160_109,1,S5,S5,109,EB7405,FFFFFF,No description,S-Bahn
10159_109,1,S5,S5,109,EB7405,FFFFFF,No description,S-Bahn
10158_109,1,S5,S5,109,EB7405,FFFFFF,No description,S-Bahn
10157_109,1,S5,S5,109,EB7405,FFFFFF,No description,S-Bahn
10155_109,1,S46,S46,109,CD9C53,FFFFFF,No description,S-Bahn
10150_109,1,S3,S3,109,0066AD,FFFFFF,No description,S-Bahn
10149_109,1,S3,S3,109,0066AD,FFFFFF,No description,S-Bahn
10148_109,1,S3,S3,109,0066AD,FFFFFF,No description,S-Bahn
10145_109,1,S25,S25,109,007734,FFFFFF,No description,S-Bahn
10144_109,1,S2,S2,109,007734,FFFFFF,No description,S-Bahn
10143_109,1,S2,S2,109,007734,FFFFFF,No description,S-Bahn
10142_109,1,S1,S1,109,DA6BA2,FFFFFF,No description,S-Bahn
10141_109,1,S1,S1,109,DA6BA2,FFFFFF,No description,S-Bahn
17680_100,856,RB45,RB45,100,FFD502,000000,No description,Rail (Regional)
17680_700,856,RB45,RB45,700,FFD502,000000,No description,Bus
16214_700,84,983,983,700,FFFFFF,000000,No description,Bus
12194_700,84,N2,N2,700,FFFFFF,000000,No description,Bus
12193_700,84,N1,N1,700,FFFFFF,000000,No description,Bus
1883_900,84,5,5,900,FFFFFF,000000,No description,Tram
1882_900,84,4,4,900,FFFFFF,000000,No description,Tram
1881_900,84,3,3,900,FFFFFF,000000,No description,Tram
1880_900,84,2,2,900,FFFFFF,000000,No description,Tram
1879_900,84,1,1,900,FFFFFF,000000,No description,Tram
1878_700,84,988,988,700,FFFFFF,000000,No description,Bus
1877_700,84,987,987,700,FFFFFF,000000,No description,Bus
1874_700,84,984,984,700,FFFFFF,000000,No description,Bus
1872_700,84,982,982,700,FFFFFF,000000,No description,Bus
1871_700,84,981,981,700,FFFFFF,000000,No description,Bus
1870_700,84,980,980,700,FFFFFF,000000,No description,Bus
17858_700,816,978,978,700,FFFFFF,000000,No description,Bus
17857_700,816,977,977,700,FFFFFF,000000,No description,Bus
17856_3,816,976,976,3,FFFFFF,000000,No description,Bus
17856_700,816,976,976,700,FFFFFF,000000,No description,Bus
17855_3,816,975,975,3,FFFFFF,000000,No description,Bus
17855_700,816,975,975,700,FFFFFF,000000,No description,Bus
17854_3,816,974,974,3,FFFFFF,000000,No description,Bus
17854_700,816,974,974,700,FFFFFF,000000,No description,Bus
17853_3,816,973,973,3,FFFFFF,000000,No description,Bus
17853_700,816,973,973,700,FFFFFF,000000,No description,Bus
17852_3,816,972,972,3,FFFFFF,000000,No description,Bus
17852_700,816,972,972,700,FFFFFF,000000,No description,Bus
17851_3,816,971,971,3,FFFFFF,000000,No description,Bus
17851_700,816,971,971,700,FFFFFF,000000,No description,Bus
17850_3,816,960,960,3,FFFFFF,000000,No description,Bus
17850_700,816,960,960,700,FFFFFF,000000,No description,Bus
17849_3,816,958,958,3,FFFFFF,000000,No description,Bus
17849_700,816,958,958,700,FFFFFF,000000,No description,Bus
17848_3,816,957,957,3,FFFFFF,000000,No description,Bus
17848_700,816,957,957,700,FFFFFF,000000,No description,Bus
17847_3,816,955,955,3,FFFFFF,000000,No description,Bus
17847_700,816,955,955,700,FFFFFF,000000,No description,Bus
17846_3,816,954,954,3,FFFFFF,000000,No description,Bus
17846_700,816,954,954,700,FFFFFF,000000,No description,Bus
17845_3,816,953,953,3,FFFFFF,000000,No description,Bus
17845_700,816,953,953,700,FFFFFF,000000,No description,Bus
17844_3,816,952,952,3,FFFFFF,000000,No description,Bus
17844_700,816,952,952,700,FFFFFF,000000,No description,Bus
17843_3,816,951,951,3,FFFFFF,000000,No description,Bus
17843_700,816,951,951,700,FFFFFF,000000,No description,Bus
17842_3,816,950,950,3,FFFFFF,000000,No description,Bus
17842_700,816,950,950,700,FFFFFF,000000,No description,Bus
17841_3,816,949,949,3,FFFFFF,000000,No description,Bus
17841_700,816,949,949,700,FFFFFF,000000,No description,Bus
17840_3,816,948,948,3,FFFFFF,000000,No description,Bus
17840_700,816,948,948,700,FFFFFF,000000,No description,Bus
17839_3,816,947,947,3,FFFFFF,000000,No description,Bus
17839_700,816,947,947,700,FFFFFF,000000,No description,Bus
17838_3,816,946,946,3,FFFFFF,000000,No description,Bus
17838_700,816,946,946,700,FFFFFF,000000,No description,Bus
17837_700,816,945,945,700,FFFFFF,000000,No description,Bus
17836_3,816,944,944,3,FFFFFF,000000,No description,Bus
17836_700,816,944,944,700,FFFFFF,000000,No description,Bus
17834_700,816,942,942,700,FFFFFF,000000,No description,Bus
17833_700,816,941,941,700,FFFFFF,000000,No description,Bus
17831_700,816,939,939,700,FFFFFF,000000,No description,Bus
17829_700,816,937,937,700,FFFFFF,000000,No description,Bus
17828_3,816,936,936,3,FFFFFF,000000,No description,Bus
17828_700,816,936,936,700,FFFFFF,000000,No description,Bus
17827_700,816,935,935,700,FFFFFF,000000,No description,Bus
17826_3,816,934,934,3,FFFFFF,000000,No description,Bus
17826_700,816,934,934,700,FFFFFF,000000,No description,Bus
17825_3,816,933,933,3,FFFFFF,000000,No description,Bus
17825_700,816,933,933,700,FFFFFF,000000,No description,Bus
17824_3,816,932,932,3,FFFFFF,000000,No description,Bus
17824_700,816,932,932,700,FFFFFF,000000,No description,Bus
17823_3,816,931,931,3,FFFFFF,000000,No description,Bus
17823_700,816,931,931,700,FFFFFF,000000,No description,Bus
17822_3,816,925,925,3,FFFFFF,000000,No description,Bus
17822_700,816,925,925,700,FFFFFF,000000,No description,Bus
17821_3,816,924,924,3,FFFFFF,000000,No description,Bus
17821_700,816,924,924,700,FFFFFF,000000,No description,Bus
17820_3,816,923,923,3,FFFFFF,000000,No description,Bus
17820_700,816,923,923,700,FFFFFF,000000,No description,Bus
17819_3,816,920,920,3,FFFFFF,000000,No description,Bus
17819_700,816,920,920,700,FFFFFF,000000,No description,Bus
17818_3,816,919,919,3,FFFFFF,000000,No description,Bus
17818_700,816,919,919,700,FFFFFF,000000,No description,Bus
17817_3,816,917,917,3,FFFFFF,000000,No description,Bus
17817_700,816,917,917,700,FFFFFF,000000,No description,Bus
17816_3,816,915,915,3,FFFFFF,000000,No description,Bus
17816_700,816,915,915,700,FFFFFF,000000,No description,Bus
17815_3,816,913,913,3,FFFFFF,000000,No description,Bus
17815_700,816,913,913,700,FFFFFF,000000,No description,Bus
17814_3,816,912,912,3,FFFFFF,000000,No description,Bus
17814_700,816,912,912,700,FFFFFF,000000,No description,Bus
17813_3,816,905,905,3,FFFFFF,000000,No description,Bus
17813_700,816,905,905,700,FFFFFF,000000,No description,Bus
17812_3,816,904,904,3,FFFFFF,000000,No description,Bus
17812_700,816,904,904,700,FFFFFF,000000,No description,Bus
17811_3,816,903,903,3,FFFFFF,000000,No description,Bus
17811_700,816,903,903,700,FFFFFF,000000,No description,Bus
17810_3,816,902,902,3,FFFFFF,000000,No description,Bus
17810_700,816,902,902,700,FFFFFF,000000,No description,Bus
17809_700,816,901,901,700,FFFFFF,000000,No description,Bus
25354_700,32,825,825,700,FFFFFF,000000,No description,Bus
20969_700,32,823,823,700,FFFFFF,000000,No description,Bus
15068_3,32,848,848,3,FFFFFF,000000,No description,Bus
15068_700,32,848,848,700,FFFFFF,000000,No description,Bus
14755_3,32,834,834,3,FFFFFF,000000,No description,Bus
14755_700,32,834,834,700,FFFFFF,000000,No description,Bus
14754_700,32,814,814,700,FFFFFF,000000,No description,Bus
14753_700,32,810,810,700,FFFFFF,000000,No description,Bus
13543_3,32,831,831,3,FFFFFF,000000,No description,Bus
13543_700,32,831,831,700,FFFFFF,000000,No description,Bus
5269_3,32,857,857,3,FFFFFF,000000,No description,Bus
5269_700,32,857,857,700,FFFFFF,000000,No description,Bus
5268_3,32,854,854,3,FFFFFF,000000,No description,Bus
5268_700,32,854,854,700,FFFFFF,000000,No description,Bus
5266_3,32,851,851,3,FFFFFF,000000,No description,Bus
5266_700,32,851,851,700,FFFFFF,000000,No description,Bus
5265_3,32,850,850,3,FFFFFF,000000,No description,Bus
5265_700,32,850,850,700,FFFFFF,000000,No description,Bus
5264_3,32,847,847,3,FFFFFF,000000,No description,Bus
5264_700,32,847,847,700,FFFFFF,000000,No description,Bus
5263_3,32,846,846,3,FFFFFF,000000,No description,Bus
5263_700,32,846,846,700,FFFFFF,000000,No description,Bus
5262_3,32,845,845,3,FFFFFF,000000,No description,Bus
5262_700,32,845,845,700,FFFFFF,000000,No description,Bus
5260_3,32,843,843,3,FFFFFF,000000,No description,Bus
5260_700,32,843,843,700,FFFFFF,000000,No description,Bus
5259_3,32,842,842,3,FFFFFF,000000,No description,Bus
5259_700,32,842,842,700,FFFFFF,000000,No description,Bus
5258_3,32,841,841,3,FFFFFF,000000,No description,Bus
5258_700,32,841,841,700,FFFFFF,000000,No description,Bus
5257_3,32,839,839,3,FFFFFF,000000,No description,Bus
5257_700,32,839,839,700,FFFFFF,000000,No description,Bus
5256_3,32,838,838,3,FFFFFF,000000,No description,Bus
5256_700,32,838,838,700,FFFFFF,000000,No description,Bus
5255_3,32,837,837,3,FFFFFF,000000,No description,Bus
5255_700,32,837,837,700,FFFFFF,000000,No description,Bus
5254_3,32,836,836,3,FFFFFF,000000,No description,Bus
5254_700,32,836,836,700,FFFFFF,000000,No description,Bus
5253_3,32,835,835,3,FFFFFF,000000,No description,Bus
5253_700,32,835,835,700,FFFFFF,000000,No description,Bus
5252_3,32,833,833,3,FFFFFF,000000,No description,Bus
5252_700,32,833,833,700,FFFFFF,000000,No description,Bus
5251_3,32,832,832,3,FFFFFF,000000,No description,Bus
5251_700,32,832,832,700,FFFFFF,000000,No description,Bus
5250_3,32,830,830,3,FFFFFF,000000,No description,Bus
5250_700,32,830,830,700,FFFFFF,000000,No description,Bus
5249_700,32,824,824,700,FFFFFF,000000,No description,Bus
5248_700,32,822,822,700,FFFFFF,000000,No description,Bus
5247_700,32,821,821,700,FFFFFF,000000,No description,Bus
5246_700,32,816,816,700,FFFFFF,000000,No description,Bus
5244_3,32,813,813,3,FFFFFF,000000,No description,Bus
5243_3,32,812,812,3,FFFFFF,000000,No description,Bus
5243_700,32,812,812,700,FFFFFF,000000,No description,Bus
5242_700,32,811,811,700,FFFFFF,000000,No description,Bus
5241_700,32,809,809,700,FFFFFF,000000,No description,Bus
5240_700,32,808,808,700,FFFFFF,000000,No description,Bus
5239_700,32,807,807,700,FFFFFF,000000,No description,Bus
5238_700,32,806,806,700,FFFFFF,000000,No description,Bus
5237_700,32,805,805,700,FFFFFF,000000,No description,Bus
5236_3,32,804,804,3,FFFFFF,000000,No description,Bus
5236_700,32,804,804,700,FFFFFF,000000,No description,Bus
5235_700,32,803,803,700,FFFFFF,000000,No description,Bus
5234_3,32,802,802,3,FFFFFF,000000,No description,Bus
5234_700,32,802,802,700,FFFFFF,000000,No description,Bus
5233_3,32,800,800,3,FFFFFF,000000,No description,Bus
5233_700,32,800,800,700,FFFFFF,000000,No description,Bus
5232_3,32,801,801,3,FFFFFF,000000,No description,Bus
5232_700,32,801,801,700,FFFFFF,000000,No description,Bus
20439_900,486,87,87,900,FFFFFF,000000,No description,Tram
12532_900,486,88,88,900,FFFFFF,000000,No description,Tram
28435_700,108,RE30,RE30,700,FFFFFF,000000,No description,Bus
28311_100,108,RE20,RE20,100,FFFFFF,000000,No description,Rail (Regional)
27845_700,996,F,F,700,FFFFFF,000000,No description,Bus
27585_700,108,RB93,RB93,700,FFFFFF,000000,No description,Bus
27362_700,996,X4,X4,700,006E6B,FFFFFF,No description,Bus
27360_700,996,X8,X8,700,73AEF4,000000,No description,Bus
27356_700,996,X9,X9,700,6E368C,FFFFFF,No description,Bus
27353_700,996,R,R,700,FF7A00,FFFFFF,No description,Bus
27349_700,996,S,S,700,EC0016,FFFFFF,No description,Bus
27347_700,996,P,P,700,FFBB00,000000,No description,Bus
27346_700,996,T,T,700,3CB5AE,000000,No description,Bus
27180_100,108,RB91,RB91,100,FFFFFF,000000,No description,Rail (Regional)
26748_100,108,RB93,RB93,100,FFFFFF,000000,No description,Rail (Regional)
26747_100,108,RB91,RB91,100,FFFFFF,000000,No description,Rail (Regional)
25305_700,108,RB66X,RB66X,700,FFFFFF,000000,No description,Bus
25297_100,108,RE5,RE5,100,0066AD,FFFFFF,No description,Rail (Regional)
24172_700,108,RE4,RE4,700,FFFFFF,000000,No description,Bus
24116_700,108,RB32,RB32,700,697C8A,FFFFFF,No description,Bus
24057_100,108,RE10,RE10,100,5E5E5D,FFFFFF,No description,Rail (Regional)
24056_100,108,RB20,RB20,100,007734,FFFFFF,No description,Rail (Regional)
24055_100,108,RB14,RB14,100,A5027D,FFFFFF,No description,Rail (Regional)
24053_100,108,RE7,RE7,100,007734,FFFFFF,No description,Rail (Regional)
24052_100,108,RB22,RB22,100,009BD5,FFFFFF,No description,Rail (Regional)
24051_100,108,FEX,FEX,100,79122F,FFFFFF,No description,Rail (Regional)
24050_100,108,RB24,RB24,100,DA6BA2,FFFFFF,No description,Rail (Regional)
24049_100,108,RB21,RB21,100,501689,FFFFFF,No description,Rail (Regional)
24048_100,108,RE13,RE13,100,FFFFFF,000000,No description,Rail (Regional)
24047_100,108,RE11,RE11,100,FFFFFF,000000,No description,Rail (Regional)
24046_100,108,RB32,RB32,100,697C8A,FFFFFF,No description,Rail (Regional)
24045_100,108,RE2,RE2,100,FFD502,000000,No description,Rail (Regional)
24044_100,108,RB23,RB23,100,EB7405,FFFFFF,No description,Rail (Regional)
24043_100,108,RB49,RB49,100,FFFFFF,000000,No description,Rail (Regional)
24042_100,108,RB43,RB43,100,009BD5,FFFFFF,No description,Rail (Regional)
24025_100,108,RE4,RE4,100,992746,FFFFFF,No description,Rail (Regional)
20813_100,751,RB73,RB73,100,009686,FFFFFF,No description,Rail (Regional)
20812_100,751,RB74,RB74,100,0066AD,FFFFFF,No description,Rail (Regional)
20810_700,751,RB34,RB34,700,0066AD,FFFFFF,No description,Bus
20466_100,108,RB93,RB93,100,EB7405,FFFFFF,No description,Rail (Regional)
19721_700,108,RB20,RB20,700,FFFFFF,000000,No description,Bus
19720_700,108,RB21,RB21,700,FFFFFF,000000,No description,Bus
19717_700,108,RB24,RB24,700,FFFFFF,000000,No description,Bus
19716_700,108,RB31,RB31,700,FFFFFF,000000,No description,Bus
19715_700,108,RB43,RB43,700,FFFFFF,000000,No description,Bus
19714_700,108,RB49,RB49,700,992746,FFFFFF,No description,Bus
19713_700,108,RB55,RB55,700,FFFFFF,000000,No description,Bus
19712_700,108,RB66,RB66,700,FFFFFF,000000,No description,Bus
19708_700,108,RE3,RE3,700,FFFFFF,000000,No description,Bus
19707_700,108,RE5,RE5,700,FFFFFF,000000,No description,Bus
19706_700,108,RE6,RE6,700,FFFFFF,000000,No description,Bus
19705_700,108,RE7,RE7,700,FFFFFF,000000,No description,Bus
19701_700,108,RE15,RE15,700,FFD502,000000,No description,Bus
19686_100,108,RB23,RB23,100,EB7405,FFFFFF,No description,Rail (Regional)
19685_100,108,RB24,RB24,100,DA6BA2,FFFFFF,No description,Rail (Regional)
19681_100,108,RE14,RE14,100,A98956,FFFFFF,No description,Rail (Regional)
19157_100,108,RB51,RB51,100,DA6BA2,FFFFFF,No description,Rail (Regional)
19156_109,108,S1,S1,109,FFFFFF,000000,No description,S-Bahn
19155_109,108,S4,S4,109,FFFFFF,000000,No description,S-Bahn
19066_100,108,RE6,RE6,100,DA6BA2,FFFFFF,No description,Rail (Regional)
19065_100,108,RB55,RB55,100,EB7405,FFFFFF,No description,Rail (Regional)
19063_100,108,RE18,RE18,100,EB7405,FFFFFF,No description,Rail (Regional)
19062_100,108,RE15,RE15,100,FFD502,000000,No description,Rail (Regional)
19060_100,108,RB31,RB31,100,66AA22,FFFFFF,No description,Rail (Regional)
19059_100,108,RE5,RE5,100,0066AD,FFFFFF,No description,Rail (Regional)
19058_100,108,RE3,RE3,100,EB7405,FFFFFF,Wittenberg/Falkenberg <> Berlin <> Stralsund/Schwedt,Rail (Regional)
28777_700,150,N13,N13,700,FFFFFF,000000,No description,Bus
27916_700,150,662,662,700,FFFFFF,000000,No description,Bus
27915_700,150,619,619,700,FFFFFF,000000,No description,Bus
16915_700,150,616,616,700,FFFFFF,000000,No description,Bus
16859_700,150,N16,N16,700,FFFFFF,000000,No description,Bus
15959_700,150,612,612,700,FFFFFF,000000,No description,Bus
15280_900,150,98,98,900,FFFFFF,000000,No description,Tram
15279_700,150,X5,X5,700,FFFFFF,000000,No description,Bus
15278_700,150,639,639,700,FFFFFF,000000,No description,Bus
15277_700,150,638,638,700,FFFFFF,000000,No description,Bus
15276_700,150,609,609,700,FFFFFF,000000,No description,Bus
15274_700,150,605,605,700,FFFFFF,000000,No description,Bus
15273_700,150,603,603,700,FFFFFF,000000,No description,Bus
13438_900,150,99,99,900,FFFFFF,000000,No description,Tram
11364_700,150,X15,X15,700,FFFFFF,000000,No description,Bus
11362_700,150,N14,N14,700,FFFFFF,000000,No description,Bus
7362_900,150,93,93,900,FFFFFF,000000,No description,Tram
7361_700,150,690,690,700,FFFFFF,000000,No description,Bus
5635_900,150,96,96,900,FFFFFF,000000,No description,Tram
5633_900,150,91,91,900,FFFFFF,000000,No description,Tram
5631_700,150,691,691,700,FFFFFF,000000,No description,Bus
5596_700,150,699,699,700,FFFFFF,000000,No description,Bus
4456_700,150,698,698,700,FFFFFF,000000,No description,Bus
1558_900,150,94,94,900,FFFFFF,000000,No description,Tram
1556_900,150,92,92,900,FFFFFF,000000,No description,Tram
1555_1000,150,F1,F1,1000,FFFFFF,000000,No description,Water Transport
1554_700,150,N17,N17,700,FFFFFF,000000,No description,Bus
1552_700,150,N15,N15,700,FFFFFF,000000,No description,Bus
1551_700,150,697,697,700,FFFFFF,000000,No description,Bus
1550_700,150,696,696,700,FFFFFF,000000,No description,Bus
1549_700,150,695,695,700,FFFFFF,000000,No description,Bus
1548_700,150,694,694,700,FFFFFF,000000,No description,Bus
1547_700,150,693,693,700,FFFFFF,000000,No description,Bus
1546_700,150,692,692,700,FFFFFF,000000,No description,Bus
27914_3,92,686,686,3,FFFFFF,000000,No description,Bus
17694_3,92,338,338,3,FFFFFF,000000,No description,Bus
17694_700,92,338,338,700,FFFFFF,000000,No description,Bus
16735_700,92,683,683,700,FFFFFF,000000,No description,Bus
16734_700,92,682,682,700,FFFFFF,000000,No description,Bus
16733_700,92,681,681,700,FFFFFF,000000,No description,Bus
16709_3,92,670,670,3,FFFFFF,000000,No description,Bus
13418_700,92,669,669,700,FFFFFF,000000,No description,Bus
10686_700,92,689,689,700,FFFFFF,000000,No description,Bus
10685_3,92,688,688,3,FFFFFF,000000,No description,Bus
10685_700,92,688,688,700,FFFFFF,000000,No description,Bus
10684_700,92,687,687,700,FFFFFF,000000,No description,Bus
10683_3,92,685,685,3,FFFFFF,000000,No description,Bus
10683_700,92,685,685,700,FFFFFF,000000,No description,Bus
10682_700,92,684,684,700,FFFFFF,000000,No description,Bus
10679_700,92,679,679,700,FFFFFF,000000,No description,Bus
10678_700,92,678,678,700,FFFFFF,000000,No description,Bus
10677_700,92,677,677,700,FFFFFF,000000,No description,Bus
10676_700,92,676,676,700,FFFFFF,000000,No description,Bus
10675_700,92,675,675,700,FFFFFF,000000,No description,Bus
10674_700,92,674,674,700,FFFFFF,000000,No description,Bus
10673_700,92,673,673,700,FFFFFF,000000,No description,Bus
10672_700,92,672,672,700,FFFFFF,000000,No description,Bus
10671_700,92,668,668,700,FFFFFF,000000,No description,Bus
10296_3,92,657,657,3,FFFFFF,000000,No description,Bus
10296_700,92,657,657,700,FFFFFF,000000,No description,Bus
4477_700,92,663,663,700,FFFFFF,000000,No description,Bus
3975_3,92,660,660,3,FFFFFF,000000,No description,Bus
3975_700,92,660,660,700,FFFFFF,000000,No description,Bus
3713_700,92,649,649,700,FFFFFF,000000,No description,Bus
1971_700,92,642,642,700,FFFFFF,000000,No description,Bus
1955_700,92,614,614,700,FFFFFF,000000,No description,Bus
1945_3,92,604,604,3,FFFFFF,000000,No description,Bus
1945_700,92,604,604,700,FFFFFF,000000,No description,Bus
1939_700,92,680,680,700,FFFFFF,000000,No description,Bus
1938_3,92,671,671,3,FFFFFF,000000,No description,Bus
1938_700,92,671,671,700,FFFFFF,000000,No description,Bus
1936_700,92,667,667,700,FFFFFF,000000,No description,Bus
1935_3,92,666,666,3,FFFFFF,000000,No description,Bus
1935_700,92,666,666,700,FFFFFF,000000,No description,Bus
1934_700,92,665,665,700,FFFFFF,000000,No description,Bus
1933_700,92,664,664,700,FFFFFF,000000,No description,Bus
1931_700,92,662,662,700,FFFFFF,000000,No description,Bus
1930_700,92,661,661,700,FFFFFF,000000,No description,Bus
1929_700,92,659,659,700,FFFFFF,000000,No description,Bus
1928_700,92,658,658,700,FFFFFF,000000,No description,Bus
1926_700,92,656,656,700,FFFFFF,000000,No description,Bus
1925_700,92,655,655,700,FFFFFF,000000,No description,Bus
1924_3,92,654,654,3,FFFFFF,000000,No description,Bus
1924_700,92,654,654,700,FFFFFF,000000,No description,Bus
1923_700,92,653,653,700,FFFFFF,000000,No description,Bus
1922_3,92,652,652,3,FFFFFF,000000,No description,Bus
1922_700,92,652,652,700,FFFFFF,000000,No description,Bus
1921_3,92,651,651,3,FFFFFF,000000,No description,Bus
1921_700,92,651,651,700,FFFFFF,000000,No description,Bus
1920_700,92,650,650,700,FFFFFF,000000,No description,Bus
26454_700,841,938,938,700,FFFFFF,000000,No description,Bus
26405_700,841,923,923,700,FFFFFF,000000,No description,Bus
21726_700,841,935,935,700,FFFFFF,000000,No description,Bus
21725_700,841,889,889,700,FFFFFF,000000,No description,Bus
18373_700,841,R933,R933,700,FFFFFF,000000,No description,Bus
18372_700,841,R931,R931,700,FFFFFF,000000,No description,Bus
18371_700,841,970,970,700,FFFFFF,000000,No description,Bus
18370_700,841,969,969,700,FFFFFF,000000,No description,Bus
18369_700,841,968,968,700,FFFFFF,000000,No description,Bus
18368_700,841,967,967,700,FFFFFF,000000,No description,Bus
18367_700,841,966,966,700,FFFFFF,000000,No description,Bus
18366_700,841,959,959,700,FFFFFF,000000,No description,Bus
18365_700,841,958,958,700,FFFFFF,000000,No description,Bus
18364_700,841,957,957,700,FFFFFF,000000,No description,Bus
18363_700,841,956,956,700,FFFFFF,000000,No description,Bus
18362_700,841,955,955,700,FFFFFF,000000,No description,Bus
18361_700,841,951,951,700,FFFFFF,000000,No description,Bus
18360_700,841,950,950,700,FFFFFF,000000,No description,Bus
18359_700,841,949,949,700,FFFFFF,000000,No description,Bus
18358_700,841,948,948,700,FFFFFF,000000,No description,Bus
18357_700,841,947,947,700,FFFFFF,000000,No description,Bus
18356_700,841,946,946,700,FFFFFF,000000,No description,Bus
18355_700,841,945,945,700,FFFFFF,000000,No description,Bus
18354_700,841,944,944,700,FFFFFF,000000,No description,Bus
18353_700,841,943,943,700,FFFFFF,000000,No description,Bus
18352_700,841,942,942,700,FFFFFF,000000,No description,Bus
18351_700,841,941,941,700,FFFFFF,000000,No description,Bus
18350_700,841,940,940,700,FFFFFF,000000,No description,Bus
18349_700,841,939,939,700,FFFFFF,000000,No description,Bus
18348_700,841,937,937,700,FFFFFF,000000,No description,Bus
18347_700,841,936,936,700,FFFFFF,000000,No description,Bus
18346_700,841,934,934,700,FFFFFF,000000,No description,Bus
18345_700,841,933,933,700,FFFFFF,000000,No description,Bus
18344_700,841,932,932,700,FFFFFF,000000,No description,Bus
18343_700,841,931,931,700,FFFFFF,000000,No description,Bus
18342_700,841,929,929,700,FFFFFF,000000,No description,Bus
18341_700,841,928,928,700,FFFFFF,000000,No description,Bus
18340_700,841,927,927,700,FFFFFF,000000,No description,Bus
18339_700,841,926,926,700,FFFFFF,000000,No description,Bus
27044_700,246,X19,X19,700,FFFFFF,000000,No description,Bus
25489_700,246,721,721,700,FFFFFF,000000,No description,Bus
20364_700,246,714,714,700,FFFFFF,000000,No description,Bus
19079_700,246,715,715,700,FFFFFF,000000,No description,Bus
16774_700,246,774,774,700,FFFFFF,000000,No description,Bus
16354_700,246,600,600,700,FFFFFF,000000,No description,Bus
15713_700,246,796,796,700,FFFFFF,000000,No description,Bus
15712_700,246,795,795,700,FFFFFF,000000,No description,Bus
15711_700,246,791,791,700,FFFFFF,000000,No description,Bus
13889_700,246,792,792,700,FFFFFF,000000,No description,Bus
13888_700,246,789,789,700,FFFFFF,000000,No description,Bus
13730_700,246,797,797,700,FFFFFF,000000,No description,Bus
13729_700,246,794,794,700,FFFFFF,000000,No description,Bus
13728_700,246,793,793,700,FFFFFF,000000,No description,Bus
12043_700,246,760,760,700,FFFFFF,000000,No description,Bus
10914_700,246,773,773,700,FFFFFF,000000,No description,Bus
10913_700,246,755,755,700,FFFFFF,000000,No description,Bus
10912_700,246,752,752,700,FFFFFF,000000,No description,Bus
10911_700,246,709,709,700,FFFFFF,000000,No description,Bus
9696_700,246,711,711,700,FFFFFF,000000,No description,Bus
6629_700,246,771,771,700,FFFFFF,000000,No description,Bus
6626_700,246,769,769,700,FFFFFF,000000,No description,Bus
6625_700,246,768,768,700,FFFFFF,000000,No description,Bus
6624_700,246,766,766,700,FFFFFF,000000,No description,Bus
6622_700,246,758,758,700,FFFFFF,000000,No description,Bus
6621_700,246,756,756,700,FFFFFF,000000,No description,Bus
6620_700,246,754,754,700,FFFFFF,000000,No description,Bus
6618_700,246,753,753,700,FFFFFF,000000,No description,Bus
6617_700,246,751,751,700,FFFFFF,000000,No description,Bus
5270_700,246,761,761,700,FFFFFF,000000,No description,Bus
4521_700,246,772,772,700,FFFFFF,000000,No description,Bus
4520_700,246,770,770,700,FFFFFF,000000,No description,Bus
4519_700,246,765,765,700,FFFFFF,000000,No description,Bus
4518_700,246,764,764,700,FFFFFF,000000,No description,Bus
4517_700,246,763,763,700,FFFFFF,000000,No description,Bus
4516_700,246,759,759,700,FFFFFF,000000,No description,Bus
4515_700,246,757,757,700,FFFFFF,000000,No description,Bus
4514_700,246,750,750,700,FFFFFF,000000,No description,Bus
4512_700,246,720,720,700,FFFFFF,000000,No description,Bus
4511_700,246,719,719,700,FFFFFF,000000,No description,Bus
4509_700,246,718,718,700,FFFFFF,000000,No description,Bus
4508_700,246,717,717,700,FFFFFF,000000,No description,Bus
4507_700,246,716,716,700,FFFFFF,000000,No description,Bus
4505_700,246,713,713,700,FFFFFF,000000,No description,Bus
4504_700,246,712,712,700,FFFFFF,000000,No description,Bus
4503_700,246,710,710,700,FFFFFF,000000,No description,Bus
4502_700,246,708,708,700,FFFFFF,000000,No description,Bus
4501_700,246,707,707,700,FFFFFF,000000,No description,Bus
4499_700,246,706,706,700,FFFFFF,000000,No description,Bus
4498_700,246,705,705,700,FFFFFF,000000,No description,Bus
4497_700,246,704,704,700,FFFFFF,000000,No description,Bus
4496_700,246,703,703,700,FFFFFF,000000,No description,Bus
4495_700,246,702,702,700,FFFFFF,000000,No description,Bus
4493_700,246,701,701,700,FFFFFF,000000,No description,Bus
4492_700,246,700,700,700,FFFFFF,000000,No description,Bus
27009_700,516,894,894,700,FFFFFF,000000,No description,Bus
27008_700,516,892,892,700,FFFFFF,000000,No description,Bus
27007_700,516,890,890,700,FFFFFF,000000,No description,Bus
27006_700,516,887,887,700,FFFFFF,000000,No description,Bus
27005_700,516,886,886,700,FFFFFF,000000,No description,Bus
27004_700,516,885,885,700,FFFFFF,000000,No description,Bus
27003_700,516,884,884,700,FFFFFF,000000,No description,Bus
27002_700,516,883,883,700,FFFFFF,000000,No description,Bus
27001_700,516,881,881,700,FFFFFF,000000,No description,Bus
27000_700,516,880,880,700,FFFFFF,000000,No description,Bus
26999_700,516,879,879,700,FFFFFF,000000,No description,Bus
26998_700,516,877,877,700,FFFFFF,000000,No description,Bus
26997_700,516,876,876,700,FFFFFF,000000,No description,Bus
26996_700,516,873,873,700,FFFFFF,000000,No description,Bus
26995_700,516,872,872,700,FFFFFF,000000,No description,Bus
26994_700,516,870,870,700,FFFFFF,000000,No description,Bus
26993_700,516,868,868,700,FFFFFF,000000,No description,Bus
26992_700,516,866,866,700,FFFFFF,000000,No description,Bus
26991_700,516,861,861,700,FFFFFF,000000,No description,Bus
26990_700,516,860,860,700,FFFFFF,000000,No description,Bus
26989_700,516,859,859,700,FFFFFF,000000,No description,Bus
26988_700,516,858,858,700,FFFFFF,000000,No description,Bus
26987_700,516,857,857,700,FFFFFF,000000,No description,Bus
26986_700,516,856,856,700,FFFFFF,000000,No description,Bus
26985_700,516,855,855,700,FFFFFF,000000,No description,Bus
26984_700,516,854,854,700,FFFFFF,000000,No description,Bus
26983_700,516,853,853,700,FFFFFF,000000,No description,Bus
26982_700,516,852,852,700,FFFFFF,000000,No description,Bus
26981_700,516,851,851,700,FFFFFF,000000,No description,Bus
26980_700,516,850,850,700,FFFFFF,000000,No description,Bus
26979_700,516,849,849,700,FFFFFF,000000,No description,Bus
26978_700,516,800,800,700,FFFFFF,000000,No description,Bus
21619_700,516,2N,2N,700,FFFFFF,000000,No description,Bus
21454_700,516,45,45,700,FFFFFF,000000,No description,Bus
21205_700,516,EV1,EV1,700,FFFFFF,000000,No description,Bus
21159_700,516,9,9,700,FFFFFF,000000,No description,Bus
17541_700,516,4N,4N,700,FFFFFF,000000,No description,Bus
17540_700,516,3N,3N,700,FFFFFF,000000,No description,Bus
15624_700,516,10,10,700,FFFFFF,000000,No description,Bus
15029_700,516,48,48,700,FFFFFF,000000,No description,Bus
15027_700,516,34,34,700,FFFFFF,000000,No description,Bus
15026_700,516,30,30,700,FFFFFF,000000,No description,Bus
15025_700,516,28,28,700,FFFFFF,000000,No description,Bus
15024_700,516,24,24,700,FFFFFF,000000,No description,Bus
15020_700,516,14,14,700,FFFFFF,000000,No description,Bus
14979_700,516,38,38,700,FFFFFF,000000,No description,Bus
13443_700,516,17,17,700,FFFFFF,000000,No description,Bus
13136_700,516,47,47,700,FFFFFF,000000,No description,Bus
13134_700,516,46,46,700,FFFFFF,000000,No description,Bus
13133_700,516,44,44,700,FFFFFF,000000,No description,Bus
13132_700,516,43,43,700,FFFFFF,000000,No description,Bus
13131_700,516,42,42,700,FFFFFF,000000,No description,Bus
13127_700,516,39,39,700,FFFFFF,000000,No description,Bus
13126_700,516,37,37,700,FFFFFF,000000,No description,Bus
13125_700,516,35,35,700,FFFFFF,000000,No description,Bus
13123_700,516,33,33,700,FFFFFF,000000,No description,Bus
13122_700,516,32,32,700,FFFFFF,000000,No description,Bus
13120_700,516,29,29,700,FFFFFF,000000,No description,Bus
13119_700,516,27,27,700,FFFFFF,000000,No description,Bus
13118_700,516,26,26,700,FFFFFF,000000,No description,Bus
13116_700,516,25,25,700,FFFFFF,000000,No description,Bus
13115_700,516,23,23,700,FFFFFF,000000,No description,Bus
13114_700,516,22,22,700,FFFFFF,000000,No description,Bus
13113_700,516,21,21,700,FFFFFF,000000,No description,Bus
13111_700,516,20,20,700,FFFFFF,000000,No description,Bus
13110_700,516,19,19,700,FFFFFF,000000,No description,Bus
13109_700,516,18,18,700,FFFFFF,000000,No description,Bus
13108_700,516,16,16,700,FFFFFF,000000,No description,Bus
13107_700,516,15,15,700,FFFFFF,000000,No description,Bus
13106_700,516,13,13,700,FFFFFF,000000,No description,Bus
13105_700,516,12,12,700,FFFFFF,000000,No description,Bus
13104_700,516,11,11,700,FFFFFF,000000,No description,Bus
12891_900,516,4,4,900,FFFFFF,000000,No description,Tram
12890_900,516,3,3,900,FFFFFF,000000,No description,Tram
12889_900,516,2,2,900,FFFFFF,000000,No description,Tram
12888_900,516,1,1,900,FFFFFF,000000,No description,Tram
